,word,stdev,mean,median,mode,range,q1,q3,iqr
0,metropolis,6.073817672768758e-06,7.041652849609334e-06,3.609500173037564e-06,1.642420852476789e-05,1.6955333243069098e-05,1.928710913391894e-06,1.4107718048502907e-05,1.2179007135111014e-05
1,birthday,3.405409725020581e-06,4.93635729905203e-06,4.5630913194015325e-06,1.55403999713144e-06,1.4859627640362307e-05,2.301730376075284e-06,6.613718677986721e-06,4.311988301911437e-06
2,acidic,1.6654465043640538e-06,1.3954760914678144e-06,4.975661259517698e-07,2.545503958411339e-09,5.43006051443148e-06,1.0417356749051595e-08,3.052730814293422e-06,3.0423134575443704e-06
3,bell,4.782058488531253e-06,1.399854644241753e-05,1.3900812583805028e-05,1.338126594419009e-05,1.488321056188267e-05,1.0143385549911598e-05,1.8471108173149074e-05,8.327722623237476e-06
4,weed,1.0333904520821366e-06,5.493248520879915e-06,5.3136455855045436e-06,4.667169719141384e-06,4.562449346069894e-06,4.725501274346503e-06,6.275106622004906e-06,1.5496053476584033e-06
