,word,stdev,mean,median,mode,range,q1,q3,iqr
0,hallo,9.067572402803685e-07,3.7112208955684736e-07,4.9074362859106e-08,0.0,5.638338344786982e-06,0.0,1.517606246384925e-07,1.517606246384925e-07
1,hello,1.2565752685195384e-07,1.061839190423912e-07,9.166146648047808e-08,0.0,6.695058151048475e-07,0.0,1.4409192620031979e-07,1.4409192620031979e-07
