,word,stdev,mean,median,mode,range,q1,q3,iqr
0,spectacle,3.2429480879403344e-06,6.771791915744198e-06,5.856699804748392e-06,9.107587857215549e-06,9.845617114478955e-06,3.648670623793545e-06,9.891341051115887e-06,6.242670427322342e-06
1,barrel,2.6416769296902955e-06,1.0432005746376187e-05,9.527937696215563e-06,7.765911732349196e-06,9.6085587496678e-06,8.310214460444903e-06,1.2381324755291903e-05,4.071110294847e-06
2,crosshair,2.152426057712579e-08,1.5914903575085475e-08,5.3222470557707476e-09,0.0,8.227395552142167e-08,4.1986572948563404e-10,2.353045441034445e-08,2.3110588680858816e-08
3,glue,9.470770325185394e-07,2.7773073278273166e-06,2.5182879507415886e-06,2.1983999829444656e-06,3.7563733436789855e-06,2.09432297992862e-06,3.648930923342656e-06,1.554607943414036e-06
4,gluestick,5.707736028592825e-10,2.327464443991583e-10,0.0,0.0,2.8080463192787467e-09,0.0,5.2799550446077805e-11,5.2799550446077805e-11
